"Kode Barang";"Nama Barang";"Satuan";"Jenis";"Jumlah";"Total"
"B000003156";"OMEPRAZOLE 20MG";"Kapsul";"OBAT TABLET SALUT SELAPUT";"32781.4";"1.9737342E7"
"BLUD_3044";"PARACETAMOL TAB 500MG";"Tablet";"OBAT TABLET";"25576.0";"1.092961E7"
"B000003096";"CANGKANG KAPSUL 00 ";"Pieces";"BHP ALKES HABIS PAKAI";"22157.0";"7043606.0"
"BLUD_804";"DIAZEPAM 2 MG (VALISANBE )";"Tablet";"OBAT TABLET";"21464.7";"8155874.0"
"BLUD_3290";"PARACETAMOL 500 MG ";"Tablet";"OBAT TABLET";"20363.0";"3985485.0"
"992/8.2025";" OMEPRAZOLE 20 MG HJ";"Kapsul";"OBAT KAPSUL LEPAS TUNDA";"18398.0";"6641678.0"
"DAK_970";"NATRIUM DIKLOFENAK 50 MG ";"Tablet";"OBAT TABLET";"15420.0";"4288417.0"
"DAK_3161";"METHYLPREDNISOLONE 4 MG";"Tablet";"OBAT TABLET";"14853.0";"9004528.0"
"BLUD_3157";"GABAPENTING 300MG";"Kapsul";"OBAT KAPSUL";"12506.0";"1.6104726E7"
"DAK_1543";"GABAPENTIN 300MG ";"Kapsul";"OBAT TABLET";"10905.0";"1.3459194E7"
"DAK_1601";"CETIRIZINE 10MG";"Tablet";"OBAT TABLET SALUT SELAPUT";"10420.0";"5649629.0"
"559";"USG GELL 250ML";"Mili Liter";"BHP ALKES HABIS PAKAI";"10408.0";"1016093.0"
"3030";"RANITIDINE 150 mg";"Tablet";"OBAT TABLET";"9413.0";"2632755.0"
"ASSYIFA_127";"ASPILET CHEWABLE 80 mg";"Tablet";"OBAT TABLET";"9097.0";"7046760.0"
"BLUD_11540";"OMEPRAZOLE 20 MG NULAB";"Kapsul";"OBAT KAPSUL LEPAS TUNDA";"9081.0";"3620360.0"
"DAK_1045";" SIMVASTATIN 20 MG";"Tablet";"OBAT TABLET";"7901.0";"3788162.0"
"DAK_776";" CEFIXIME KAPS 200 MG";"Kapsul";"OBAT KAPSUL";"7364.0";"2.5059548E7"
"DAK_3173";"AMLODIPINE 10 MG ";"Tablet";"OBAT TABLET";"7067.0";"1160244.0"
"DAK_3151";"LAPIBION";"Tablet";"OBAT TABLET SALUT SELAPUT";"6760.0";"1.2675E7"
"B000006261";"SPOIT STERA 3 ML/CC";"Pieces";"BHP ALKES HABIS PAKAI";"6326.0";"6959867.0"
"1009/6.2028";" PARACEAMOL TAB 500 MG";"Tablet";"OBAT TABLET";"6102.0";"1854395.0"
"BLUD_3155";"DOMPERDIONE 10 MG";"Tablet";"OBAT TABLET";"5872.0";"2296876.0"
"915";"KODEIN 20 MG";"Tablet";"OBAT TABLET";"5737.0";"1.1479737E7"
"BLUD_704";" ALPRAZOLAM TAB 0,5 MG ";"Tablet";"OBAT TABLET";"5582.0";"6541821.0"
"B000003165";"ACETYLCYSTEINE 200 MG ";"Kapsul";"OBAT KAPSUL";"5566.0";"5927790.0"
"BLUD_927";"LAPIBION";"Tablet";"OBAT TABLET SALUT SELAPUT";"5344.0";"9394752.0"
"BLUD_1546";"LAPIBION KAPSUL";"Tablet";"OBAT KAPSUL";"5201.0";"9143358.0"
"DAK_3205";"NATRIUM DIKLOFENAK 50 MG";"Tablet";"OBAT TABLET";"4954.0";"2789138.0"
"ASSYIFA_1591";"IBUPROFEN 400 MG";"Tablet";"OBAT TABLET";"4517.0";"2314957.0"
"DAK_3174";"AMLODIPIN TAB 5 MG";"Tablet";"OBAT TABLET";"4418.0";"649446.0"
"BLUD_3301";"NATRIUM DIKLOFENAK 50 MG";"Tablet";"OBAT TABLET";"4337.0";"1197012.0"
"712/3.2025";"AMITRIPTYLINE HCL TAB 25 MG";"Tablet";"OBAT TABLET";"4178.0";"1704624.0"
"713/5.2025";" AMLODIPINE TAB 10 MG";"Tablet";"OBAT TABLET";"4060.0";"3081046.0"
"1542";"GABAPENTIN 100MG HJ";"Tablet";"OBAT TABLET";"3879.0";"5527575.0"
"B000003232";"BETAHISTINE MESILATE TAB 6 MG";"Tablet";"OBAT TABLET";"3806.0";"2264570.0"
"BLUD_745";" ASPILETS  80 MG";"Tablet";"OBAT TABLET";"3700.0";"3556475.0"
"DAK_852";"FUROSEMIDE 40 mg ";"Tablet";"OBAT TABLET";"3584.0";"1436196.0"
"BLUD_3195";"RANITIDINE 150 MG";"Tablet";"OBAT TABLET";"3584.0";"2371287.0"
"ASSYIFA_820";"DOMPERIDONE 10 MG TAB";"Tablet";"OBAT TABLET";"3567.0";"823478.0"
"DAK_940";"MELOXICAM 7,5MG";"Tablet";"OBAT TABLET";"3507.0";"1600432.0"
"BLUD_734";" ASAM MEFENAMAT TAB 500 MG";"Tablet";"OBAT TABLET";"3504.0";"1234869.0"
"BLUD_A855";"GABAPENTIN 100 MG";"Kapsul";"OBAT KAPSUL";"3490.0";"4655906.0"
"1563";"HANDSCOEN NON STERIL M AURUM";"Pieces";"BHP ALKES HABIS PAKAI";"3478.0";"2766316.0"
"BLUD_944";"METFORMIN HCL 500MG";"Tablet";"OBAT TABLET SALUT SELAPUT";"3408.0";"1046674.0"
"BLUD_1599";"METHYLPREDNISOLONE 4MG";"Tablet";"OBAT TABLET";"3337.0";"1085480.0"
"398";"INFUS SET DEWASA HD";"Pieces";"BHP ALKES HABIS PAKAI";"3244.0";"1.7587066E7"
"1594";"TABLET TAMBAH DARAH";"Tablet";"OBAT TABLET";"3236.0";"1216736.0"
"1053";"TAMSIN TAMSULOSIN HCL 0,4 MG";"Tablet";"OBAT TABLET";"3188.0";"4.1564598E7"
"BLUD_1595";"RINGER LACTAT INFUS 500 ml RL";"SOFT BAG";"OBAT INFUS";"3187.0";"3.4656045E7"
"ASSYIFA_9825";"CLOPIDOGREL 75MG";"Tablet";"OBAT TABLET";"3088.0";"5252808.0"
"DAK_3067";"PROPRANOLOL HCl 10 MG";"Tablet";"OBAT TABLET";"3087.0";"387237.0"
"DINKES_1062";"TRIHEKSIFENIDIL 2MG TAB";"Tablet";"OBAT TABLET";"3068.0";"1025603.0"
"ASSYIFA_14";" SIANOCOBALAMIN 500 mcg ";"Tablet";"OBAT TABLET";"3011.0";"1.3665465E7"
"DAK_938";"MELOXICAM 15 MG";"Tablet";"OBAT TABLET";"3008.0";"2044232.0"
"1562/8.2025";"ACETYLCYSTEINE KAPS 200 MG";"Kapsul";"OBAT KAPSUL";"3005.0";"3776778.0"
"DAK_3178";"METFORMIN 500 MG";"Tablet";"OBAT TABLET";"2863.0";"1412024.0"
"DAK_889";"IBUPROFEN 400 mg ";"Tablet";"OBAT TABLET";"2668.0";"1518378.0"
"948";"METHYLPREDNISOLON 4MG";"Tablet";"OBAT TABLET";"2643.0";"865416.0"
"DAK_9839";"PROPYLTHIOURACIL 100 ";"Tablet";"OBAT TABLET";"2615.0";"1657910.0"
"DAK_1598";"PROMAVIT KAPS";"Kapsul";"OBAT KAPSUL";"2611.0";"1.4096789E7"
"B000003154";"GLIMEPIRIDE 2MG";"Tablet";"OBAT TABLET";"2565.0";"1656990.0"
"868";"GLIMEPIRIDE 2 MG";"Tablet";"OBAT KAPLET";"2542.0";"1882744.0"
"BLUD_1813";"CALSIUM LAKTAT 500MG";"Tablet";"OBAT TABLET";"2522.0";"1.1065604E7"
"DAK_1040";" SIANOCOBALAMIN 500 mcg (VIT.B12)";"Tablet";"OBAT TABLET";"2489.0";"225314.0"
"BLUD_736";" ASAM TRANEKSAMAT TAB 500 MG KALBE";"Tablet";"OBAT TABLET";"2458.0";"6317060.0"
"B000003167";"URSODEOXYCHOLIC ACID 250 MG ";"Tablet";"OBAT TABLET";"2443.0";"1.3912885E7"
"B000003113";"AMLODIPINE TAB 5 MG";"Tablet";"OBAT TABLET";"2396.02";"473754.0"
"B000003220";"HANDSCOEN NON STERIL M AURUM";"Pieces";"BHP ALKES HABIS PAKAI";"2378.0";"1890510.0"
"DAK_1625";"OMEPRAZOLE SODIUM 40 MG INJ @10 VL ";"GRAM";"OBAT AMPUL";"2255.0";"2.7233608E7"
"DAK_3294";"CANDESARTAN 8  ";"Tablet";"OBAT TABLET";"2229.0";"2853120.0"
"BLUD_3120";"CANDESARTAN 8 MG";"Tablet";"OBAT TABLET";"2229.0";"3724188.0"
"B000003211";"NATRIUM DIKLOFENAK 50 MG";"Tablet";"OBAT TABLET";"2226.0";"1896552.0"
"1602";"NATRIUM DIKLOFENAK 50MG";"Tablet";"OBAT TABLET";"2200.0";"897600.0"
"BLUD_007";" CEFADDROXIL MONOHYDRATE KAPS 500 MG";"Kapsul";"OBAT KAPSUL";"2183.0";"2481109.0"
"BLUD_9867";"CLOPIDOGREL FCT 75 MG ";"Tablet";"OBAT TABLET";"2138.0";"2108068.0"
"B000003061";"SPOIT  WITH NEEDLE 10 CC/mL";"Pieces";"BHP ALKES HABIS PAKAI";"2117.0";"4589656.0"
"DAK_1020";"PREGABALIN 75 mg";"Tablet";"OBAT TABLET";"2112.0";"1.147872E7"
"953";"METOCLOPRAMIDE HCL 10 mg ";"Tablet";"OBAT TABLET";"2111.0";"318761.0"
"ASSYIFA_1027";"PROPYLTHIOURACIL 100MG";"Tablet";"OBAT TABLET";"2065.0";"2443320.0"
"1593";"NATRIUM DIKLOFENAK 50MG";"Tablet";"OBAT TABLET";"2061.01";"659523.0"
"DAK_1549";"ACETYLCYSTEINE KAPS 200 MG";"Kapsul";"OBAT KAPSUL";"2036.0";"2702280.0"
"BLUD_922";"LABUMIN";"Kapsul";"OBAT KAPSUL";"2014.0";"1.7074213E7"
"916";"KODEINE 10 MG ";"Tablet";"OBAT TABLET";"1979.0";"1747457.0"
"BLUD_857";"GABAPENTIN 300 MG";"Kapsul";"OBAT KAPSUL";"1963.0";"4514274.0"
"DAK_1069";"VITAMIN B COMPLEX ";"Tablet";"OBAT TABLET";"1956.0";"440552.0"
"1564";"HANDSCOEN NON STERIL S ONEMED";"Pieces";"BHP ALKES HABIS PAKAI";"1956.0";"1553242.0"
"1017";"PIRIDOKSIN 10 MG";"Tablet";"OBAT TABLET";"1955.0";"478975.0"
"DAK_1048";" SPIRONOLACTONE TAB 25 MG (CARPIATON)";"Tablet";"OBAT TABLET";"1952.0";"1627908.0"
"410";"KERTAS USG -110mm X 18m";"Pieces";"BHP ALKES HABIS PAKAI";"1948.0";"3633020.0"
"ASSYIFA_3190";"PHENYTOIN 100 MG";"Kapsul";"OBAT KAPSUL";"1943.0";"2238336.0"
"B000003223";"SPOIT 10ML/CC";"Pieces";"BHP ALKES HABIS PAKAI";"1923.0";"3020980.0"
"BLUD_805";"DIAZEPAM  5 mg (VALISANBE)";"Tablet";"OBAT TABLET";"1904.0";"1141326.0"
"DAK_6272";"VITAMIN B6 10 MG  ";"Tablet";"OBAT TABLET";"1873.0";"172316.0"
"ASSYIFA_3197";"VITAMIN B6";"Tablet";"OBAT TABLET";"1765.0";"1503780.0"
"DAK_1030";"RANITIDIN HCL 25MG/ML";"Ampul";"OBAT AMPUL";"1765.0";"4177125.0"
"BLUD_1154";"METAMIZOLE SODIUM 500MG/ML (METZOL)";"Ampul";"OBAT AMPUL";"1734.0";"1.5355746E7"
"BLUD_896";"ISOSORBIDE DINITRARATE 5mg ";"Tablet";"OBAT TABLET";"1681.0";"285770.0"
"BLUD_767";" CANDESARTAN 16 MG";"Tablet";"OBAT TABLET";"1653.0";"2325654.0"
"700/11.2024";" ACETYLCYSTEINE KAPS 200 MG";"Kapsul";"OBAT TABLET";"1637.0";"2093723.0"
"270";"ALKOHOL SWAB";"Pieces";"BHP ALKES HABIS PAKAI";"1631.0";"326492.0"
"B000003068";"ALLOPURINOL 100 MG";"Tablet";"OBAT TABLET";"1600.0";"514719.0"
"DAK_1612";"ISOSORBIT DINITRAL 10MG";"Tablet";"OBAT TABLET";"1592.0";"618763.0"
"BLUD_1037";"RINGER LACTAT INFUS 500 ml RL";"SOFT BAG";"OBAT INFUS";"1548.0";"1.6740918E7"
"BLUD_3289";"FUROSEMIDE 40 MG";"Tablet";"OBAT TABLET";"1522.0";"719906.0"
"ASSYIFA_3159";"CETIRIZINE HCL 10 MG";"Tablet";"OBAT TABLET";"1491.0";"3400677.0"
"1552";"THIAMIN HCL 50MG";"Tablet";"OBAT TABLET";"1481.0";"290276.0"
"DAK_1606";"FLUNARIZINE 10 mg @40 TAB ";"Tablet";"OBAT TABLET";"1473.0";"3240421.0"
"B00000263";"SPOIT WITH NEEDLE 10ML/CC";"Pieces";"BHP ALKES HABIS PAKAI";"1462.0";"2970732.0"
"BLUD_1043";"SIMVASTATIN 10MG";"Tablet";"OBAT TABLET SALUT SELAPUT";"1461.0";"254094.0"
"ASSYIFA_17";" KARBAMAZEPIN 200 mg ";"Tablet";"OBAT TABLET";"1460.0";"7616075.0"
"DAK_757";"BETAHISTIN 24MG";"Tablet";"OBAT TABLET";"1458.0";"9047762.0"
"715/10.2024";" AMLODIPINE TAB 5MG";"Tablet";"OBAT TABLET";"1447.0";"717712.0"
"BLUD_1023";"PROMAVIT KAPS";"Kapsul";"OBAT KAPSUL";"1393.0";"7721056.0"
"782/7.2024";"CETIRIZINE HCL 10MG";"Tablet";"OBAT TABLET SALUT SELAPUT";"1389.0";"355584.0"
"BLUD_3041";"SALBUTAMOL 2 MG ";"Tablet";"OBAT TABLET";"1349.0";"283337.0"
"BLUD_3028";"DIMENHYDRYNATE 50MG";"Tablet";"OBAT TABLET";"1344.0";"461578.0"
"DAK_3163";"CIPROFLOXACIN KAPL 500 MG";"Tablet";"OBAT TABLET SALUT SELAPUT";"1301.0";"1098044.0"
"711/3.2026";"AMINOPHYLLINE  200 mg ";"Tablet";"OBAT TABLET";"1299.0";"389449.0"
"1212/12.2025";"CIPROFLOXACIN 500MG";"Tablet";"OBAT TABLET SALUT SELAPUT";"1296.0";"656603.0"
"1565";"HANDSCOEN NON STERIL L";"Pieces";"BHP ALKES HABIS PAKAI";"1292.0";"1586457.0"
"ASSYIFA_15";"DIVALPROEX SODIUM 250MG";"Tablet";"OBAT TABLET";"1289.0";"7047498.0"
"BLUD_3085";"WATER FOR INJEKSI 25 ML (SATORIA) ";"Ampul";"OBAT INFUS";"1286.0";"4856088.0"
"B0000104";"SPOIT 3 CC ";"Pieces";"BHP ALKES HABIS PAKAI";"1268.0";"2793323.0"
"DAK_887";"IBUPROFEN 400 mg ";"Tablet";"OBAT TABLET";"1268.0";"462120.0"
"ASSYIFA_1548";"METFORMIN HCL 500MG";"Tablet";"OBAT TABLET";"1262.0";"7198882.0"
"1628";"ABBOCATH 22G ";"Pieces";"BHP ALKES HABIS PAKAI";"1236.0";"1.2724195E7"
"BLUD_1014";"PHENYTOIN SODIUM 100MG";"Kapsul";"OBAT KAPSUL";"1220.0";"1114088.0"
"ASSYIFA_775";" CEFIXIME KAPS 200 MG";"Kapsul";"OBAT KAPSUL";"1203.0";"2725330.0"
"B000003070";"METRONIDAZOLE 500 MG";"Tablet";"OBAT TABLET";"1187.0";"519155.0"
"BLUD_3219";"CEFADROXIL 500 MG";"Kapsul";"OBAT KAPSUL";"1182.0";"1673372.0"
"BLUD_3286";"CALSIUM LACTATE TAB 500 MG";"Tablet";"OBAT TABLET";"1173.0";"254528.0"
"756/8.2025";"BETAHISTINE TAB 6 MG";"Tablet";"OBAT TABLET";"1162.0";"1981210.0"
"BLUD_781";"CEFTRIAXONE SODIUM SESQUATERHYDRATE 1 g ";"GRAM";"OBAT AMPUL";"1156.0";"1.2523316E7"
"BLUD_3071";"FLUNARIZINE 5 MG";"Tablet";"OBAT TABLET";"1151.0";"2138243.0"
"B000003131";"SPOIT 1 CC ";"Pieces";"BHP ALKES HABIS PAKAI";"1120.0";"2148160.0"
"B000003062";"SPOIT WITH NEEDLE 5mL/ CC ";"Pieces";"BHP ALKES HABIS PAKAI";"1116.0";"1982226.0"
"DAK_1151";"MELOXICAM 7,5 mg";"Tablet";"OBAT TABLET";"1112.0";"1089488.0"
"BLUD_3269";"PARACETAMOL INFUS 1G/100ML (SANMOL)";"Botol";"OBAT INFUS";"1111.0";"3.5290717E7"
"BLUD_947";"METILERGOMETRIN 0,125 MG";"Tablet";"OBAT TABLET";"1106.0";"656092.0"
"1028";"RANITIDINE 150 mg ";"Tablet";"OBAT TABLET";"1105.0";"364650.0"
"BLUD_814";"DIVALPI EC 250";"Kaplet";"OBAT KAPLET";"1088.0";"3389206.0"
"ASSYIFA_1025";"PROPRANOLOL HCL 40MG";"Tablet";"OBAT TABLET";"1085.0";"1865866.0"
"BLUD_1594";"TABLET TAMBAH DARAH";"Tablet";"OBAT TABLET";"1069.0";"390185.0"
"BLUD_832";" DEXAMETHASONE 0,5MG";"Tablet";"OBAT TABLET";"1068.0";"192453.0"
"ASSYIFA_3031";"DEXAMETHASONE 0,5 mg";"Tablet";"OBAT TABLET";"1054.0";"226854.0"
"DAK_3271";"COLCHICIN 0,5 MG TAB STRIP @10 ";"Tablet";"OBAT TABLET";"1037.0";"2254438.0"
"553";"UNDERPAD (NICE)";"Pieces";"BHP ALKES HABIS PAKAI";"1028.0";"7176632.0"
"DAK_1039";"SALBUTAMOL 4 MG";"Tablet";"OBAT TABLET";"1019.0";"260496.0"
"DAK_1551";"URSODEOXYCHOLIC ACID 250MG";"Tablet";"OBAT TABLET";"1009.0";"5129653.0"
"ASSYIFA_12";" CHLORPHENIRAMINE MALEATE 4 mg (CTM) ";"Tablet";"OBAT TABLET";"999.0";"322860.0"
"292";"CANGKANG KAPSUL 00";"Pieces";"BHP ALKES HABIS PAKAI";"998.0";"205409.0"
"DAK_3043";"NACL 0,9% INFUS  500ML";"SOFT BAG";"OBAT INFUS";"992.0";"7623425.0"
"BLUD_1167";"SUKRALFAT 500MG/5ML EPISAN";"Botol";"OBAT SYRUP SUSPENSI";"982.0";"2.6518031E7"
"DAK_3201";"RANITIDINE HCL 25MG/ML INJ";"Ampul";"OBAT AMPUL";"981.0";"2892945.0"
"BLUD__403";"CEFTRIAXONE  SODIUM 1 GR INJ @10 (PEHA) ";"VIAL";"OBAT AMPUL";"974.0";"1.1991553E7"
"DAK_3153";"TAMSULOSIN HCL 0,4MG";"Tablet";"OBAT TABLET";"950.0";"1.45768E7"
"BLUD_3299";"CANDESARTAN CILEXETIL TAB 8 MG  ";"Tablet";"OBAT TABLET";"921.0";"1444128.0"
"ASSYIFA_13";" ASAM ASCORBAT 50 MG";"Tablet";"OBAT TABLET";"900.0";"430222.0"
"388";"HANDSCOEN STERIL 6,5 ";"Pieces";"BHP ALKES HABIS PAKAI";"873.0";"1.0248762E7"
"BLUD_3724";"METAMIZOLE SODIUM 500MG/ML (SANTAGESIK)";"Ampul";"OBAT AMPUL";"872.0";"1.0623813E7"
"BLUD_3199";"SIMVASTATIN 20MG";"Tablet";"OBAT TABLET";"859.0";"971690.0"
"BLUD_1553";"MEPROVENT (ITRAPROPIUM BROMIDA SALBUTAMOL SULFATE)";"Ampul";"OBAT AMPUL";"851.0";"6287188.0"
"BLUD_3069";"AMBROXOL HCl 30 MG";"Tablet";"OBAT TABLET";"801.0";"307584.0"
"BLUD_3114";"BISOPROLOL TAB 5 MG";"Tablet";"OBAT TABLET";"797.0";"189577.0"
"BLUD3040";"ONDANSETRON HCL DIHYDRATE INJ 2mg/ml HJ";"Ampul";"OBAT AMPUL";"782.0";"2267570.0"
"245";"ABBOCATH 18 G ";"Pieces";"BHP ALKES HABIS PAKAI";"777.0";"7714476.0"
"ASSYIFAA_1051";"TABLET TAMBAH DARAH";"Tablet";"OBAT TABLET";"760.0";"464094.0"
"BLUD_3207";"MELOXICAM 15 MG";"Tablet";"OBAT TABLET";"746.0";"1075754.0"
"B000003046";"ZINC SULFATE MONOHYDRATE 20MG TAB";"Tablet";"OBAT TABLET";"739.0";"388192.0"
"BLUD_3037";"CARBIDU 0,5 MG (DEXAMETHASONE)";"Tablet";"OBAT TABLET";"726.0";"110352.0"
"ASSYIFA_991";"OXYTOCIN 10 IU/ML";"Ampul";"OBAT AMPUL";"722.0";"3407484.0"
"ASSYIFAA_3184";"ATTAPULGIT 600 MG";"Tablet";"OBAT TABLET";"712.0";"707728.0"
"344";"ASGUARD FLEX PHARMAFIX PER CM ";"CM";"BHP ALKES HABIS PAKAI";"707.0";"7682016.0"
"BLUD_768";" CAPTOPRIL TAB 25 MG";"Tablet";"OBAT TABLET";"707.0";"93543.0"
"1059";"THIAMIN HCL 50 MG";"Tablet";"OBAT TABLET";"670.0";"166160.0"
"DAK_1152";"URSODEOXYCHOLIC ACID 250 mg";"Tablet";"OBAT TABLET";"654.0";"3387720.0"
"BLUD_973";"AKITA (ATTAPULGIT,PECTIN) ";"Tablet";"OBAT TABLET";"651.0";"241323.0"
"B00000256";"SPOIT WITH NEEDLE 1ML/CC";"Pieces";"BHP ALKES HABIS PAKAI";"648.0";"810000.0"
"BLUD_966";"NACL 0,9% 100ML PIGGY BAG";"SOFT BAG";"OBAT INFUS";"642.0";"6221364.0"
"BLUD_1211";"ATORVASTATIN 20MG LAPI";"Tablet";"OBAT TABLET SALUT SELAPUT";"638.0";"1155711.0"
"BLUD_3170";"BIOCOMBIN 5000 INJ 3 ML (farbion)";"Ampul";"OBAT AMPUL";"636.0";"3388608.0"
"BLUD_3278";"OMEPRAZOLE SOD. MONOHYDRATE INJ 40 MG @1 VL ";"GRAM";"OBAT AMPUL";"617.0";"1.1671789E7"
"DAK_907";"KETOROLAC TROMETAMOL";"Ampul";"OBAT AMPUL";"616.0";"1713147.0"
"B000003177";"ABBOCATH 20 G NOUSMED";"Pieces";"BHP ALKES HABIS PAKAI";"606.0";"6464342.0"
"786/5.2026";" CIPROFLOXACIN KAPL 500 MG";"Kaplet";"OBAT TABLET SALUT SELAPUT";"595.0";"442085.0"
"DAK_1600";"BISOPROLOL 2.5 MG";"Tablet";"OBAT TABLET";"594.0";"698742.0"
"BLUD_718";" AMOXICILLIN KAPL 500 MG";"Kaplet";"OBAT KAPLET";"594.0";"371250.0"
"B000003084";"Metochlompramide HCl 10 mg ";"Tablet";"OBAT TABLET";"588.0";"101166.0"
"DAK_3202";"VITAMIN B1 50MG (TIAMIN)";"Tablet";"OBAT TABLET";"587.0";"282347.0"
"B000003185";"CEFIXIME 100 MG";"Kapsul";"OBAT KAPSUL";"584.0";"1101736.0"
"B000009855";"ABBOCATH 20 G";"Pieces";"BHP ALKES HABIS PAKAI";"573.0";"5104284.0"
"ASSYIFAA_04";"DEXAMETHASONE 5 MG AMPUL";"Ampul";"OBAT AMPUL";"564.0";"2088476.0"
"ASSYIFA_97";"OMEPRAZOLE SODIUM 40 mg/vial  ";"Ampul";"OBAT SERBUK INJEKSI";"564.0";"1.0025245E7"
"BLUD_6268";"ASAM MEFENAMAT TAB 500 MG ";"Tablet";"OBAT TABLET";"550.0";"203500.0"
"BLUD_3187";"CHLORPHENIRAMINE MALEATE 4MG ( CTM )";"Tablet";"OBAT TABLET";"549.0";"61050.0"
"BLUD_809";" DIGOXIN 0,25MG";"Tablet";"OBAT TABLET";"534.0";"165366.0"
"B000003227";"SPOIT STERA 5ML/CC";"Pieces";"BHP ALKES HABIS PAKAI";"526.0";"858972.0"
"BLUD_3149";"L-BIO";"SASET";"OBAT CAIR ";"522.0";"5988441.0"
"BLUD_761";"BIOCOMBIN 5000 (FARBION)";"Ampul";"OBAT AMPUL";"519.0";"2765232.0"
"DINKES_9889";"KARBAMAZEPINE 200 MG";"Tablet";"OBAT TABLET";"516.0";"466464.0"
"BLUD_3111";"GLUKOSA D5 + 1/2 NS SP 24S  ";"SOFT BAG";"OBAT INFUS";"510.0";"6676486.0"
"B000003098";"ABBOCATH 24 G";"Pieces";"BHP ALKES HABIS PAKAI";"509.0";"4653360.0"
"BLUD_3172";"LANSOPRAZOLE ";"Kapsul";"OBAT KAPSUL LEPAS TUNDA";"506.0";"440242.0"
"387";"HANDSCOEN STERIL 7";"Pieces";"BHP ALKES HABIS PAKAI";"502.0";"6041068.0"
"DAK_9831";"NATRIUM DIKLOFENAK 50 MG";"Tablet";"OBAT TABLET";"495.0";"110880.0"
"749/4.2025";"ATORVASTATIN 20 mg NULAB";"Tablet";"OBAT TABLET";"495.0";"1969110.0"
"1210/4.2025";"ATORVASTATIN 20 MG LAPI";"Tablet";"OBAT TABLET SALUT SELAPUT";"493.0";"892823.0"
"B00000259";"SPOIT 5 ML/CC";"Pieces";"BHP ALKES HABIS PAKAI";"488.0";"800391.0"
"BLUD_9840";"CLOBAZAM 10 MG @100 ";"Tablet";"OBAT TABLET";"479.0";"640902.0"
"DINKES_984";"OAT (FDC) KATEGORI ANAK";"Tablet";"OBAT TABLET";"471.0";"821772.0"
"B000003248";"HANDSCOEN STERIL 6,5";"Pieces";"BHP ALKES HABIS PAKAI";"464.0";"3770928.0"
"396";"INFUS SET ANAK HD";"Pieces";"BHP ALKES HABIS PAKAI";"456.0";"2434475.0"
"B000003250";"UNDERPAD ";"Pieces";"BHP ALKES HABIS PAKAI";"455.0";"2986620.0"
"DAK_9828";"DIVALPROEX SODIUM ER TABLET 500 MG ";"Tablet";"OBAT TABLET";"452.0";"1863144.0"
"1613";"NIFEDIPINE 10MG";"Tablet";"OBAT TABLET";"448.0";"146048.0"
"851";"FUROSEMIDE 20mg/2ml";"Ampul";"OBAT AMPUL";"440.0";"2917200.0"
"BLUD_3034";"ONDANSETRON HCL DIHYDRATE INJ";"Ampul";"OBAT AMPUL";"437.0";"4554536.0"
"1629";"MECOBALAMIN TAB";"Tablet";"OBAT TABLET";"435.0";"468795.0"
"DINKES_878";"HALOPERIDOL 1,5MG";"Tablet";"OBAT TABLET";"432.0";"50096.0"
"B000003038";" MECOBALAMIN 500 MCG 100/KAPS NULAB";"Kapsul";"OBAT KAPSUL LEPAS TUNDA";"429.0";"340626.0"
"703/3.2025";" ALLOPURINOL TAB 100 MG";"Tablet";"OBAT TABLET";"429.0";"97812.0"
"BLUD_957";"METRONIDAZOLE 500MG";"Kaplet";"OBAT KAPLET";"428.0";"153580.0"
"264";"ABBOCATH 20 G";"Pieces";"BHP ALKES HABIS PAKAI";"424.0";"5723152.0"
"1611/6.2026";"ANTASIDA DOEN TAB";"Tablet";"OBAT TABLET";"423.0";"76151.0"
"1207/5.2024";"AMLODIPINE TAB 10 MG";"Tablet";"OBAT TABLET";"420.0";"137760.0"
"253";"ABBOCATH 24 G ";"Pieces";"BHP ALKES HABIS PAKAI";"416.0";"3812595.0"
"DAK_3279";"WATER FOR INJECTION 25 ML ";"Ampul";"OBAT INFUS";"412.0";"1558184.0"
"DAK_1424";"METAMIZOLE SODIUM 500MG/ML ";"Ampul";"OBAT AMPUL";"409.0";"3826244.0"
"932";"LIDOCAINE  HCl 2 % ";"Ampul";"OBAT AMPUL";"405.0";"649946.0"
"ASSYIFA_730";"AQUA PRO INJEKSI WATER FOR INJEKSI 25 ml ";"GRAM";"OBAT INFUS";"391.0";"1721900.0"
"DAK_3212";"CEFIXIME KAPS 100 MG";"Tablet";"OBAT KAPSUL";"380.0";"363280.0"
"B000003129";"PHENYTOIN 100 MG @100 TAB ";"Kaplet";"OBAT TABLET";"379.0";"402498.0"
"BLUD_3169";"KETOCONAZOLE 200 MG ";"Tablet";"OBAT TABLET";"378.0";"476216.0"
"B000003221";"NASAL CANNULA ADULT (DEWASA)";"Pieces";"BHP ALKES HABIS PAKAI";"372.0";"4865064.0"
"BLUD_1597";"RAMOLIT 200ML (ORALIT )";"Sachet";"OBAT CAIR ";"368.0";"339286.0"
"864";"GERIAVITA";"Tablet";"OBAT TABLET SALUT SELAPUT";"362.0";"1529088.0"
"476";"PENJEPIT TALI PUSAR";"Pieces";"BHP ALKES HABIS PAKAI";"357.0";"2343348.0"
"1208/5.2026";"AQUA PRO INJEKSI 25ML";"Botol";"OBAT INFUS";"355.0";"1342610.0"
"DAK_3291";"FLUNARIZINE HCL 10 MG ";"Tablet";"OBAT TABLET";"349.0";"1222547.0"
"1001";"ONDANSETRON 4MG";"Tablet";"OBAT TABLET SALUT SELAPUT";"348.0";"494856.0"
"B000003216";"MISOPROSTOL 200MG TAB";"Tablet";"OBAT TABLET";"348.0";"3563520.0"
"BLUD_787";"CITICOLINE 125 mg/ 2ml  BECLOV";"Ampul";"OBAT AMPUL";"343.0";"5577591.0"
"BLUD_702";" ALLOPURINOL TAB 300 MG ";"Tablet";"OBAT TABLET";"338.0";"185679.0"
"250";"ABBOCATH 22 G ";"Pieces";"BHP ALKES HABIS PAKAI";"336.0";"3329045.0"
"ASSYIFA01";"ISOSORBID DINITRATE 10MG";"Tablet";"OBAT TABLET";"333.0";"236430.0"
"DAK_6263";"DEXAMETHASONE 5 MG/ML INJ @100 BRN ";"Ampul";"OBAT AMPUL";"325.0";"682175.0"
"DAK_3066";"BETAHISTINE MESILATE 24 MG";"Tablet";"OBAT TABLET";"314.0";"648846.0"
"ASSYIFA_3094";"PROPRANOLOL 10 MG";"Tablet";"OBAT TABLET";"308.0";"241116.0"
"BLUD_920";"COTRIMOKSAZOLE 480MG";"Tablet";"OBAT TABLET";"305.0";"193126.0"
"ASSYIFA_3148";"ONDANSETRON HCL INJ 8MG/4ML";"Ampul";"OBAT AMPUL";"304.0";"2940502.0"
"1029";"RANITIDINE 150 mg ";"Tablet";"OBAT TABLET";"298.0";"144828.0"
"BLUD_1603";"PREDNISON 5MG";"Tablet";"OBAT TABLET";"298.0";"63474.0"
"ASSYIFA_1604";"CLINDAMICIN 300MG";"Tablet";"OBAT TABLET";"295.0";"1361037.0"
"BLUD_01";"CEFUROXIME SODIUM INJEKSI 1G ANBACIM";"GRAM";"OBAT SERBUK INJEKSI";"291.0";"1.6539133E7"
"1206";"ASAM TRANEKSAMAT INJ 250MG/5ML ETHICA";"Ampul";"OBAT AMPUL";"287.0";"1321216.0"
"DAK_1608";"LEVOFLOXACIN HEMIHYDRATE 500 MG ";"Kaplet";"OBAT KAPLET";"287.0";"511224.0"
"ASSYIFA_245";"CEFADROPXIL 500MG";"Kapsul";"OBAT KAPSUL";"286.0";"366080.0"
"798/2.2025";"DEXAMETHASONE SODIUM PHOSPHATE 5 mg/ml ";"Ampul";"OBAT AMPUL";"285.0";"672987.0"
"ASSYIFA_3217";"ALLOPURINOL 300 MG";"Tablet";"OBAT TABLET";"283.0";"281302.0"
"1019";"PREDNISON 5MG";"Tablet";"OBAT TABLET";"283.0";"48959.0"
"BLUD_845";"PHITOMENADION INJEKSI 2MG/ML( VITAMIN K)";"Ampul";"OBAT AMPUL";"279.0";"2211168.0"
"B000003097";"ABBPCATH 22 G";"Pieces";"BHP ALKES HABIS PAKAI";"275.0";"2070750.0"
"BLUD_1164";"SANSULIN RAPID 100U/ML";"Pen Insulin";"OBAT INSULIN";"270.0";"3.044531E7"
"254";"ABBOCATH 26 G";"Pieces";"BHP ALKES HABIS PAKAI";"269.0";"2459736.0"
"B000001173";"TAMSULOSIN 0,4";"Tablet";"OBAT TABLET";"268.0";"2153112.0"
"BLUD_741";" ACYCLOVIR TAB 400 MG";"Tablet";"OBAT TABLET";"264.0";"379460.0"
"BLUD_1209";"ATORVASTATIN 10MG";"Tablet";"OBAT TABLET SALUT SELAPUT";"263.0";"381087.0"
"BLUD_3210";"SUCRALFATE SYR";"Botol";"OBAT SYRUP SUSPENSI";"263.0";"8416000.0"
"DAK_1047";" SPIRONOLACTONE TAB 100 MG";"Tablet";"OBAT TABLET";"261.0";"424721.0"
"DAK_968";"NACL 0.9% 500ML INFUSAN-NS";"SOFT BAG";"OBAT INFUS";"256.0";"2618738.0"
"BLUD_3204";"HYOSCINE BUTYLBROMIDE 10 MG ";"Tablet";"OBAT TABLET";"254.0";"603705.0"
"446";"NASAL CANNULA DEWASA EKOMED";"Pieces";"BHP ALKES HABIS PAKAI";"250.0";"2704000.0"
"533";"SUCTION CATHETER NO. 8 FR";"Pieces";"BHP ALKES HABIS PAKAI";"248.0";"1751656.0"
"737";" ASAM TRANEKSAMAT TAB 500 MG FIRST";"Tablet";"OBAT TABLET";"243.0";"289899.0"
"1066";"VAKSIN HB RECOMBINAN (HB 0) 0,5ML";"Pieces";"OBAT VAKSIN";"236.0";"7247088.0"
"B000003075";"ATTAPULGITE NEW ANTIDES TAB 600 MG";"Tablet";"OBAT TABLET";"234.0";"101312.0"
"B000003181";"SIMVASTATIN 10 MG";"Tablet";"OBAT TABLET";"228.0";"194256.0"
"3047";"NASAL CANULA DEWASA HOSPITECH";"Pieces";"BHP ALKES HABIS PAKAI";"226.0";"4203148.0"
"BLUD_1033";"RECURMA (CURCUMA XANTGORRIZA RHIZOME 2GR)";"Kapsul";"OBAT KAPSUL";"224.0";"344064.0"
"B000001146";"MY LUBRICATINY JELLY 80ML";"Mili Liter";"BHP ALKES HABIS PAKAI";"223.0";"233907.0"
"B000003102";"INSULIN GLARGINE GLARITUS 100 IU/ML";"Pen Insulin";"OBAT INSULIN";"222.0";"2.4590718E7"
"DAK_1079";"DEXKETOPROFEN TROMETAMOL";"Ampul";"OBAT AMPUL";"220.0";"6506980.0"
"BLUD_1074";"METHYLPREDNISOLONE INJ 125 mg";"GRAM";"OBAT AMPUL";"216.0";"5256389.0"
"DAK_03267";"ASAM VALPROATE 250 MG/5ML ";"Botol";"OBAT SYRUP";"214.0";"7194958.0"
"DAK_3228";"ASAM TRANEKSAMAT INJ 250MG/5ML";"Ampul";"OBAT AMPUL";"210.0";"960000.0"
"1071";"ZINC SULFATE MONOHYDRATE 20 MG";"Tablet";"OBAT TABLET";"209.0";"89034.0"
"BLUD_963";"MISOPROSTOL 200 mg tab  ";"Tablet";"OBAT TABLET";"208.0";"1734592.0"
"BLUD_3";"LAPIFED TABLET";"Tablet";"OBAT TABLET";"208.0";"982592.0"
"1547";"LANZOPRAZOLE KAPSUL";"Kapsul";"OBAT KAPSUL";"202.0";"261994.0"
"BLUD_740";" ASERING (RINGER ASETAT) SOFTBAG 500ML";"SOFT BAG";"OBAT INFUS";"193.0";"2391077.0"
"B000003198";"INTERHISITINE";"Tablet";"OBAT TABLET";"193.0";"296448.0"
"BLUD_1138";"MICRONISED PROGESTERON  (KALGESTIN) 200 MG";"Tablet";"OBAT TABLET";"193.0";"4947742.0"
"BLUD_3277";"DEXAMETHASONE INJ 5 MG/ML @100 AMP ";"Ampul";"OBAT AMPUL";"192.0";"403008.0"
"DAK_9866";"RINGER LACTAT INFUS 500 ML (RL)";"SOFT BAG";"OBAT INFUS";"191.0";"2077698.0"
"BLUD_9861";"SUCRALFATE SYR (EPISAN SUSPENSI 24S)";"Botol";"OBAT SYRUP SUSPENSI";"189.0";"4968243.0"
"DAK_848";"FLUNARIZINE HCL 5 mg ";"Tablet";"OBAT TABLET";"186.0";"247752.0"
"ASSYIFA_1621";"KETOROLAC INJEKSI 30MG/ML";"Ampul";"OBAT AMPUL";"186.0";"1432767.0"
"BLUD_3160";"CETIRIZINE SIRUP 60ML";"Botol";"OBAT SYRUP";"183.0";"843115.0"
"DINKES_6273";"OAT  KDT Harian (DEWASA)";"Tablet";"OBAT TABLET";"183.0";"260226.0"
"BLUD_3282";"SANSULIN RAPID DISPOPEN 100 U/ML";"Pen Insulin";"OBAT INSULIN";"183.0";"2.3059464E7"
"726/4.2024";" ANTASIDA DOEN TAB";"Tablet";"OBAT TABLET";"183.0";"32524.0"
"BLUD_866";"GLIBENCLAMIDE 5 mg ";"Tablet";"OBAT TABLET";"182.0";"41678.0"
"928";"L-BIO";"SASET";"OBAT CAIR ";"180.0";"2065140.0"
"BLUD_1592";"METOKLOPRAMIDE INJEKSI 10MG";"Ampul";"OBAT AMPUL";"179.0";"688527.0"
"BLUD_3272";"OXYTOCIN 10 IU/ML";"Ampul";"OBAT AMPUL";"177.0";"699535.0"
"DAK_933";"LIDOCAIN HCL 2%";"Ampul";"OBAT AMPUL";"174.0";"320682.0"
"DAK_3164";"PARACETAMOL SYR 60ML";"Botol";"OBAT SYRUP";"172.0";"768672.0"
"BLUD_739";" ASAM TRANEKSAMAT INJ 500MG/5ML ";"Ampul";"OBAT AMPUL";"171.0";"2405286.0"
"DAK_1596";"DEXKETOPROFEN TROMETAMOL INJ";"Ampul";"OBAT AMPUL";"170.0";"4963037.0"
"ASSYIFA_847";"FLUNARIZINE 10MG";"Tablet";"OBAT TABLET";"167.0";"355877.0"
"B000003226";"KERTAS USG 110MM X 18M ";"Pieces";"BHP ALKES HABIS PAKAI";"167.0";"311455.0"
"706/9.2024";" AMBROXOL HCL TAB 30 MG";"Tablet";"OBAT TABLET";"166.0";"43160.0"
"BLUD_3270";"PARACETAMOL INFUS 1G/100ML (SANMOL)";"Botol";"OBAT INFUS";"163.0";"8565161.0"
"BLUD_1137";"MICRONISED PROGESTERON  (KALGESTIN) 100 mg";"Tablet";"OBAT TABLET";"161.0";"2436693.0"
"859";"ORALIT 200ML";"SASET";"OBAT CAIR ";"161.0";"146671.0"
"BLUD_1541";"ASAM FOLAT 1MG";"Tablet";"OBAT TABLET";"158.0";"26129.0"
"392";"HANDSCOEN STERIL 7,5";"Pieces";"BHP ALKES HABIS PAKAI";"156.0";"1877304.0"
"DINKES_9836";"METILERGOMETRIN 0,125 MG";"Tablet";"OBAT TABLET";"156.0";"48048.0"
"B000001095";"ANTIHEMOROID DOEN KMBINASI";"Suppositoria";"OBAT SUPPOSITORIA";"156.0";"943110.0"
"414";"LEUKOMED";"Pieces";"BHP ALKES HABIS PAKAI";"155.0";"349593.0"
"299";"CATGUT CHROMIC 3-0 100CM 26MM 1/2 TAPER SUTUMED";"Pieces";"BHP ALKES HABIS PAKAI";"154.0";"9171618.0"
"895";"ISOSORBIT DINITRAT 10MG";"Tablet";"OBAT TABLET SUBLINGUAL";"153.0";"68697.0"
"DAK_790";"CITICOLINE 500MG";"Kaplet";"OBAT KAPLET";"151.0";"1029716.0"
"ASSYIFA_5";"JARUM INSULIN";"Pieces";"BHP ALKES HABIS PAKAI";"150.0";"1152000.0"
"ASSYIFA_3247";"RAMIPRIL 5 MG";"Tablet";"OBAT TABLET";"147.0";"225792.0"
"B000003032";"CEFIXIME SIRUP KERING 100mg/5ml";"Botol";"OBAT SYRIP KERING";"147.0";"3614167.0"
"BLUD_3189";"FLUNARIZINE 5 MG";"Tablet";"OBAT TABLET";"147.0";"354284.0"
"886";"HYOSCINE-N-BUTYL BROMIDE SPASMOLIT";"Tablet";"OBAT TABLET SALUT SELAPUT";"146.0";"455063.0"
"BLUD_791";"CLINDAMICIN HCL 300 MG MILRONIN";"Kapsul";"OBAT KAPSUL";"143.0";"280968.0"
"BLUD_9824";"NORETHISTERONE (NORESTIL)";"Tablet";"OBAT TABLET";"140.0";"318220.0"
"1006";"PARACETAMOL (SANMOL) INFUS 1G/100ML ";"Botol";"OBAT INFUS";"139.0";"4344167.0"
"748/4.2024";" ATORVASTATIN 10 MG";"Kaplet";"OBAT KAPLET";"138.0";"223560.0"
"ASSYIFA_3194";"RANITIDIN HCL 25MG/ML INJ";"Ampul";"OBAT AMPUL";"137.0";"1167824.0"
"B000001555";"FOLEY CATHETER 2 WAY NO. 18 FR SERENITY";"Pieces";"BHP ALKES HABIS PAKAI";"135.0";"2099007.0"
"BLUD_3213";"LOPERAMID 2 MG";"Tablet";"OBAT TABLET";"133.0";"94430.0"
"B000003183";"ONDASETRON 4 MG";"Tablet";"OBAT TABLET";"132.0";"177452.0"
"DAK_779";"CEFOTAXIME SODIUM 1 GR";"VIAL";"OBAT AMPUL";"132.0";"1087812.0"
"ASSYIFA_952";"METOKLOPRAMID INJEKSI 10 MG/2ML";"Ampul";"OBAT AMPUL";"131.0";"1179028.0"
"429";"MASKER HIJAB MEDSO";"Pieces";"BHP ALKES HABIS PAKAI";"130.0";"151840.0"
"DAK_3027";"DIPHENHYDRAMINE HCL 10mg/ml-1ml";"Ampul";"OBAT AMPUL";"129.0";"423690.0"
"B000001115";"levodopa";"Tablet";"OBAT TABLET";"126.0";"572922.0"
"BLUD_812";"DIMENHYDRNATE 50MG";"Tablet";"OBAT TABLET";"126.0";"25704.0"
"DAK_923";" LACTULOSA SIRUP 60ML ";"Botol";"OBAT SYRUP";"124.0";"5413715.0"
"BLUD_1011";"PEHACAIN INJEKSI";"Ampul";"OBAT AMPUL";"122.0";"547006.0"
"B00003300";"SPOIT 3 ML/CC";"Pieces";"BHP ALKES HABIS PAKAI";"122.0";"211040.0"
"497";"FOLEY CATHETER 2 WAY NO. 16 FR SERENITY";"Pieces";"BHP ALKES HABIS PAKAI";"121.0";"2039781.0"
"1007";"PARACETAMOL SYR 120MG/5ML";"Botol";"OBAT SYRUP";"121.0";"524777.0"
"B000006269";"MICRO-FINE PEN NEEDLE 31 G X 5 MM (JARUM INSULIN)";"Pieces";"BHP ALKES HABIS PAKAI";"121.0";"292215.0"
"B000003049";"URINE BAG + HANGER";"Pieces";"BHP ALKES HABIS PAKAI";"118.0";"1364670.0"
"B000003249";"HANDSCOEN STERIL 7,0";"Pieces";"BHP ALKES HABIS PAKAI";"118.0";"958986.0"
"999";"ONDANSETRON HCL DIHYDRATE  INJ.";"Ampul";"OBAT AMPUL";"117.0";"658152.0"
"BLUD_3261";"ALLOPURINOL TAM 100 MG ";"Tablet";"OBAT TABLET";"114.0";"42294.0"
"DAK_9827";"CEFTRIAXONE  SODIUM 1 GR INJ @10";"VIAL";"OBAT AMPUL";"111.0";"717504.0"
"243";"3 WAY STOP COCK";"Pieces";"BHP ALKES HABIS PAKAI";"110.0";"1254990.0"
"291";"CANGKANG KAPSUL 0";"Pieces";"BHP ALKES HABIS PAKAI";"110.0";"14740.0"
"ASSYIFA_837";"MEPROVENT (ITRAPROPIUM BROMIDA SALBUTAMOL SULFATE)";"Ampul";"OBAT AMPUL";"108.0";"1544148.0"
"4478";"NASAL CANNULA ANAK HD";"Pieces";"BHP ALKES HABIS PAKAI";"107.0";"710871.0"
"BLUD_1072";"ZINC SULFATE MONOHYDRATE  SYR 20mg/5mL ";"Botol";"OBAT SYRUP";"106.0";"948672.0"
"DAK_3158";"ANTASIDA DOEN SUSP 60ML";"Botol";"OBAT SYRUP SUSPENSI";"105.0";"645015.0"
"BLUD_9826";"DIVALPROEX SODIUM 500MG";"Tablet";"OBAT TABLET";"105.0";"1411200.0"
"DAK_3176";"NACL 0.9% INFUS 100ML";"SOFT BAG";"OBAT INFUS";"103.0";"939360.0"
"BLUD803/12";"DIAZEPAM INJKESI 5 mg/2ml";"Ampul";"OBAT AMPUL";"103.0";"1459002.0"
"BLUD_541";"GLIMEPIRID TAB 2 MG";"Tablet";"BHP LAB";"102.0";"26214.0"
"ASSYIFA09916";"AMITRIPTYLINE HCL TAB 25 MG";"Tablet";"OBAT TABLET";"100.0";"78700.0"
"B000001080";"TRIDEX 27B";"SOFT BAG";"OBAT INFUS";"94.0";"1515844.0"
"B000003222";"NEBULIZER MASK ADULT (DEWASA)";"Pieces";"BHP ALKES HABIS PAKAI";"93.0";"3023156.0"
"1150";"EXCEL TULLE";"Pieces";"BHP ALKES HABIS PAKAI";"93.0";"1017420.0"
"452";"NEBULIZER MASK (DEWASA)";"Pieces";"BHP ALKES HABIS PAKAI";"92.0";"1481675.0"
"558";"URINE BAG STERIL 2 LT ";"Pieces";"BHP ALKES HABIS PAKAI";"90.0";"801720.0"
"266";"SPOIT WITHOUT NEEDLE 50ML/CC LS";"Pieces";"BHP ALKES HABIS PAKAI";"87.0";"720621.0"
"BLUD_3065";"HIDROCORTISONE ACETATE KRIM 2,5 %";"Tube";"OBAT KRIM";"87.0";"652659.0"
"BLUD_3079";"Methylergometrin Malete Injeksi 0.2mg/ml ";"Ampul";"OBAT AMPUL";"86.0";"390010.0"
"DAK_3092";"GLUKOSA D40 INJ 400 mg/ml";"Ampul";"OBAT INFUS";"85.0";"1310306.0"
"B000003229";"FOLEY CATHETER 2 WAY NO.18 FR";"Pieces";"BHP ALKES HABIS PAKAI";"85.0";"1347165.0"
"BLUD_822";" DOMPERIDONE 5mg/5ml 60ml";"Botol";"OBAT SYRUP SUSPENSI";"82.0";"1118054.0"
"BLUD_3025";"AMPICILIN SULBAKTAM 1,5G  BACTESYN";"VIAL";"OBAT AMPUL";"82.0";"4427142.0"
"B000003192";"CEFOTAXIME 1 GR";"GRAM";"OBAT AMPUL";"81.0";"1303288.0"
"ASSYIFA_3191";"SUCRALFATE  SYR";"Botol";"OBAT SYRUP SUSPENSI";"79.0";"2528000.0"
"BLUD_907";"KETOROLAC TROMETAMOL INJ 30 MG";"Ampul";"OBAT AMPUL";"79.0";"213379.0"
"B000003099";"CATGUT CHROMIC 3-0 26MM1/2 TAPER SUTUMED";"Pieces";"BHP ALKES HABIS PAKAI";"78.0";"4629768.0"
"725/5.2025";" ANTASIDA DOEN SYR SUSPENSI";"Botol";"OBAT SYRUP SUSPENSI";"78.0";"452352.0"
"BLUD_760";"BETAMETHASONE VALERATE 0,1 % ";"Tube";"OBAT KRIM";"78.0";"377088.0"
"DAK_9865";"FUROSEMID 10 MG/ML";"Ampul";"OBAT AMPUL";"78.0";"329472.0"
"DAK_861";"GENTAMICIN SULFATE 0,1%";"Tube";"OBAT SALEP";"77.0";"320172.0"
"3293";"URINE BAG 2000 ST";"Pieces";"BHP ALKES HABIS PAKAI";"76.0";"590672.0"
"ASSYIFAA_6266";"METILERGOMETRIN 0,125 MG";"Tablet";"OBAT TABLET";"76.0";"68096.0"
"BLUD_890";"IBUPROFEN SUSPENSI 100 MG/ 5 ML";"Botol";"OBAT SYRUP SUSPENSI";"75.0";"634400.0"
"DAK_3124";"ZINC SULFATE SYR 60 ML";"Botol";"OBAT SYRUP";"74.0";"1122610.0"
"297";"CATGUT CHROMIC 2-0 90CM 35MM 1/2 T-CHROMIC";"Pieces";"BHP ALKES HABIS PAKAI";"73.0";"5850187.0"
"BLUD_3024";"AMPICILIN SULBAKTAM 0,75g BACTESYN";"VIAL";"OBAT AMPUL";"73.0";"2592886.0"
"ASSYIFA_3179";"LOPERAMID";"Tablet";"OBAT TABLET";"73.0";"61568.0"
"BLUD_860";"GENTAMICIN INJEKSI 80MG/2ML";"Ampul";"OBAT AMPUL";"72.0";"295757.0"
"ASSYIFA_3206";"GENTAMICIN SALEP 0,15%";"Tube";"OBAT SALEP";"72.0";"614304.0"
"BLUD_1166";"CETIRIZINE SIRUP 5MH / 5ML";"Botol";"OBAT SYRUP";"72.0";"529916.0"
"B000003260";"ANTIHEMOROID DOEN";"Suppositoria";"OBAT SUPPOSITORIA";"72.0";"344520.0"
"545";"SILK / TRUSILK 3/0 ";"Pieces";"BHP ALKES HABIS PAKAI";"71.0";"3106552.0"
"B000003182";"VITAMIN B COMPLEKS";"Tablet";"OBAT TABLET";"71.0";"60492.0"
"BLUD_778";"CEFIXIME SIRUP KERING 100MG/5ML";"Botol";"OBAT SYRIP KERING";"70.0";"1698493.0"
"472";"OXYGEN MASK NON REBREATHING (DEWASA)";"Pieces";"BHP ALKES HABIS PAKAI";"69.0";"1837056.0"
"BLUD_9868";"CAPTOPRIL 50 MG ";"Tablet";"OBAT TABLET";"69.0";"19458.0"
"B000009841";"HANDSCOEN STERIL 6,5";"Pieces";"BHP ALKES HABIS PAKAI";"69.0";"996222.0"
"B000003265";"FOLEY CATHETER 2 WAY NO. 16 FR";"Pieces";"BHP ALKES HABIS PAKAI";"68.0";"999940.0"
"B000003051";"FOLEY CATHETER UROONE 18";"Pieces";"BHP ALKES HABIS PAKAI";"67.0";"328743.0"
"BLUD_3080";"PHENYTOIN SODIUM INJEKSI 50 MG/ML";"Ampul";"OBAT AMPUL";"66.0";"972760.0"
"BLUD_544";"HIDROKOSTISON INJEKSI 100MG/VIAL HYSON";"GRAM";"OBAT AMPUL";"62.0";"6296002.0"
"DAK_6264";"METRONIDAZOLE INFUS 100 ML INFUS ";"Botol";"OBAT INFUS";"61.0";"1211826.0"
"DAK_9864";"FUROSEMID 10  mg/ml";"Ampul";"OBAT AMPUL";"60.0";"253440.0"
"BLUD_3200";"FLUNARIZINE 10MG";"Tablet";"OBAT TABLET";"59.0";"226560.0"
"977";"NIFEDIPINE 10 mg ";"Tablet";"OBAT TABLET SALUT SELAPUT";"59.0";"15458.0"
"448";"NASAL CANNULA BAYI ANZON";"Pieces";"BHP ALKES HABIS PAKAI";"57.0";"574258.0"
"286";"BLOOD TRANSFUSION SET";"Pieces";"BHP ALKES HABIS PAKAI";"57.0";"525597.0"
"BLUD_9881";"METAMIZOLE SODIUM 500MG (METZOL) INJ 2 ML";"Ampul";"OBAT AMPUL";"57.0";"485925.0"
"865";"INSULIN GLARGINE GLARITUS 100 IU/ML";"Pen Insulin";"OBAT INSULIN";"57.0";"5739843.0"
"913";"KLORPROMAZINE 25MG";"Tablet";"OBAT TABLET SALUT SELAPUT";"56.0";"15064.0"
"BLUD_623";"AZITROMYCIN 500 MG ";"Tablet";"OBAT TABLET";"55.0";"187802.0"
"BLUD_1590";"GENTAMYCIN 0,1% ";"Tube";"OBAT SALEP";"54.0";"211599.0"
"BLUD_872";"GLUKOSA INFUS 10% 500ML";"Botol";"OBAT INFUS";"53.0";"566492.0"
"BLUD_743";" ACYCLOVIR KRIM 5%";"Tube";"OBAT KRIM";"53.0";"320990.0"
"338";"EXTENSION TUBING 150 CM";"Pieces";"BHP ALKES HABIS PAKAI";"52.0";"1499922.0"
"B000003145";"3 WAY STOPCOCK ON NEW BOX 50S ";"Pieces";"BHP ALKES HABIS PAKAI";"52.0";"1245194.0"
"1022/12.2023";" PRIMAQUIN  15 MG ";"-";"OBAT TABLET";"52.0";"16120.0"
"BLUD_6271";" LACTULOSA SIRUP 60ML (LAXALOSAN)";"Botol";"OBAT SYRUP";"52.0";"2916836.0"
"531";"SUCTION CATHETER NO. 6 FR (HD)";"Pieces";"BHP ALKES HABIS PAKAI";"51.0";"188394.0"
"BLUD_956";"METRONIDAZOLE INFUS 100ML ";"Botol";"OBAT INFUS";"50.0";"1174562.0"
"906";"KETOCONAZOLE 2% ";"Tube";"OBAT KRIM";"50.0";"397800.0"
"707/2.2025";" AMBROXOL HCL SYR 15MG/5ML";"Botol";"OBAT SYRUP";"44.0";"371712.0"
"B000003089";"OXYGEN MASK (DEWASA)";"Pieces";"BHP ALKES HABIS PAKAI";"44.0";"921461.0"
"BLUD_3208";"BETAHISTINE TAB 6 MG";"Tablet";"OBAT TABLET";"44.0";"98134.0"
"961";"MICONAZOLE NITRATE 2%";"Tube";"OBAT KRIM";"43.0";"219038.0"
"DAK_3168";"CEFADROXIL MONOHYDRATE SIRUP 125 MG ";"Botol";"OBAT SYRIP KERING";"43.0";"632917.0"
"BLUD_980";"NYSTATIN DROPS 100.000IU/ML";"Botol";"OBAT DROPS";"43.0";"1008040.0"
"873";"GLUKOSA 40% 25ML";"Botol";"OBAT INFUS";"42.0";"711286.0"
"BLUD_874";"GLUKOSA INFUS 5% 500ML";"SOFT BAG";"OBAT INFUS";"42.0";"527682.0"
"979";"NYSTATIN 100.000 iu/g TAB VAGINAL";"Tablet";"OBAT TABLET VAGINAL";"42.0";"29568.0"
"BLUD_709";"AMINOPHYLLINE 24 mg/ml";"Ampul";"OBAT AMPUL";"42.0";"614184.0"
"1003";"PAPAVERIN 40MG";"Tablet";"OBAT TABLET";"40.0";"19600.0"
"B000003078";"Paracetamol sirup 60 ml ";"Botol";"OBAT SYRUP";"40.0";"188960.0"
"DAK_9906";"RINGER LACTAT INFUS 500 ML (RL)";"SOFT BAG";"OBAT INFUS";"40.0";"435040.0"
"BLUD_3064";"OXYTETRACYCLINE HCL SALEP KULIT 3%";"Tube";"OBAT SALEP";"39.0";"141696.0"
"810/6.2024";" DIKLOFENAK POTASSIUM 50MG";"Tablet";"OBAT TABLET SALUT SELAPUT";"39.0";"26754.0"
"BLUD_9860";"PARACETAMOL INFUS 1G/100ML  (SANMOL)";"Botol";"OBAT INFUS";"39.0";"1219062.0"
"1626/2.2025";"FLUCONAZOLE 150 MG ";"Tablet";"OBAT KAPSUL";"38.0";"605568.0"
"B0000010781";"HIDROCORTISONE ACETATE 2,5%";"Tube";"OBAT KRIM";"38.0";"286976.0"
"DAK_3033";"CEFADROXIL MONOHYDRATE SYR 125/5ML";"Botol";"OBAT SYRIP KERING";"37.0";"483627.0"
"772/2.2025";" CEFADROXIL MONOHYDRATE SYR 125MG/5ML ";"Botol";"OBAT SYRIP KERING";"37.0";"319347.0"
"BLUD_9859";"PARACETAMOL INFUS 1G/100ML (SANMOL)";"Botol";"OBAT INFUS";"37.0";"1156546.0"
"987";"OKSITETRASIKLIN 3% SALEP KULIT";"Tube";"OBAT SALEP";"35.0";"194425.0"
"B000003175";"KETOCONAZOLE 2% CR ";"Tube";"OBAT KRIM";"35.0";"164745.0"
"1000000/10.2023";"DIFENHIDRAMIN INJ 10 MG/-1ML";"Ampul";"OBAT AMPUL";"35.0";"60305.0"
"B000006262";"STERA BLOOD TRANFUSION SET ";"Pieces";"BHP ALKES HABIS PAKAI";"34.0";"266662.0"
"BLUD_1607";"GLUKOSA 5% (D5/DEXTROSA 5%) WIDATRA ";"Botol";"OBAT INFUS";"34.0";"429438.0"
"450";"NEBULIZER MASK (ANAK)";"Pieces";"BHP ALKES HABIS PAKAI";"34.0";"1428012.0"
"547";"SILK 4/0 76CM 16MM 3/8 TRUSILK";"Pieces";"BHP ALKES HABIS PAKAI";"33.0";"1481542.0"
"528";"SUCTION CATHETER NO. 10 FR (HD)";"Pieces";"BHP ALKES HABIS PAKAI";"32.0";"118208.0"
"BLUD_807";"DIPHENHYDRAMINE HCL 10 mg/ml-1ml ";"Ampul";"OBAT AMPUL";"32.0";"82964.0"
"BLUD_3036";"EPINEPHRINE INJEKSI 0,1%/1ML";"Ampul";"OBAT AMPUL";"31.0";"227919.0"
"260";"SPOIT WITHOUT NEEDLE 50ML/CC LT";"Pieces";"BHP ALKES HABIS PAKAI";"31.0";"256773.0"
"B000003052";"TRUSILK 3-0,70 CM 30 MM 3/8 CIRCLE RC ";"Pieces";"BHP ALKES HABIS PAKAI";"30.0";"101063.0"
"ASSYIFA_3188";"CEFOTAXIME 1 GR";"GRAM";"OBAT AMPUL";"30.0";"554100.0"
"555";"URINAL PLASTIK + TUTUP";"Pieces";"BHP ALKES HABIS PAKAI";"27.0";"994829.0"
"801/12.2023";" DHP  ";"Tablet";"OBAT TABLET";"27.0";"98523.0"
"3036";"MGSO4 40% 25ML";"Botol";"OBAT AMPUL";"27.0";"195642.0"
"B000003086";"NEBULIZER MASK (ANAK)";"Pieces";"BHP ALKES HABIS PAKAI";"26.0";"845201.0"
"1615";"AZITHROMICIN 50 MG TAB @20 (KMF) ";"Tablet";"OBAT TABLET";"26.0";"143324.0"
"B000003255";"SILK 3-0 76CM 26MM 3/8 CUTTING SOI";"Pieces";"BHP ALKES HABIS PAKAI";"25.0";"1433575.0"
"ASSYIFA_3142";"NACL 3% 500ML";"SOFT BAG";"OBAT INFUS";"25.0";"1822280.0"
"BLUD_937";" MECOBALAMIN INJ. 500 mcg MEGABAL";"Ampul";"OBAT AMPUL";"25.0";"266416.0"
"BLUD_1";"ASAM TRANEKSAMAT INJ 50MG/ML ";"Ampul";"OBAT AMPUL";"25.0";"263725.0"
"722/3.2025";"AMPICILLIN INJ 1 G VICCILLIN";"GRAM";"OBAT AMPUL";"24.0";"409200.0"
"244";"ABBOCATH 16 G";"Pieces";"BHP ALKES HABIS PAKAI";"24.0";"309991.0"
"DAK_3073";"CEFIXIME TRIHYDRATE 100 MG/5ML";"Botol";"OBAT SYRIP KERING";"24.0";"358032.0"
"B000001159";"POLICREPE 10cmx4,55cm";"Pieces";"BHP ALKES HABIS PAKAI";"24.0";"647880.0"
"B000003100";"CATGUT CHROMIC 2-0 26 MM1/2  SUTUMED";"Pieces";"BHP ALKES HABIS PAKAI";"24.0";"1424563.0"
"492";"FOLEY CATHETER 3 WAY CH 18 ";"Pieces";"BHP ALKES HABIS PAKAI";"24.0";"1827696.0"
"ASSYIFAA_3196";"GENTAMICIN INJ";"Ampul";"OBAT AMPUL";"23.0";"196057.0"
"DAK_9907";"NACL 0,9 % INFUS 100 ML";"SOFT BAG";"OBAT INFUS";"23.0";"222870.0"
"1145";"3 WAY STOPCOCK WITH 10 CM TUBING";"Pieces";"BHP ALKES HABIS PAKAI";"22.0";"601722.0"
"298";"CATGUT CHROMIC 3-0 90CM 26MM 1/2 TRUGUT";"Pieces";"BHP ALKES HABIS PAKAI";"22.0";"0.0"
"543";"SILK 2/0 75CM 30MM 3/8 TRUSILK";"Pieces";"BHP ALKES HABIS PAKAI";"22.0";"953348.0"
"BLUD_3280";"FORUMEN EAR DROP 10 ML (TETES TELINGA)";"Botol";"OBAT CAIR";"21.0";"841407.0"
"510";"POLYVINYLIDENE 5-0 70CM 16MM 3/8 TRULANE";"Pieces";"BHP ALKES HABIS PAKAI";"21.0";"1354095.0"
"463";"OXYGEN MASK (DEWASA) EKOMED";"Pieces";"BHP ALKES HABIS PAKAI";"21.0";"419895.0"
"1184";"POTASSIUM CHLORIDE INJ (KCL) 7,4% 25ML";"Botol";"OBAT AMPUL";"20.0";"92167.0"
"DAK_885";"HYSON 100MG/VIAL";"Ampul";"OBAT AMPUL";"20.0";"2072720.0"
"B000001144";"risperidone 2 mg";"Tablet";"OBAT TABLET";"20.0";"3360.0"
"934/12.2023";" loperamide ";"-";"OBAT TABLET";"20.0";"5360.0"
"DAK_3127";"NYSTATIN DROP 15 ML ";"Botol";"OBAT SYRUP";"19.0";"1570878.0"
"431";"MASKER NON MEDIS";"Pieces";"BHP ALKES HABIS PAKAI";"19.0";"1147088.0"
"436";"MATA PISAU NO.21 "AESCULAP"";"Pieces";"BHP ALKES HABIS PAKAI";"19.0";"211923.0"
"BLUD_3285";"SANSULIN LOG-G DISPOPEN 100 IU/ML";"Pen Insulin";"OBAT INSULIN";"19.0";"2183993.0"
"1614";"GENTAMICIN INJEKSI 40MG/ML 2ML";"Ampul";"OBAT AMPUL";"19.0";"173850.0"
"B000003166";"CEFIXIME TRIHYDRATE 100 MG/5ML SIRUP KERING ";"Botol";"OBAT SYRIP KERING";"18.0";"483797.0"
"BLUD_721";" AMOXICILLIN TRIHYDRATE SYR 125MG/5ML";"Botol";"OBAT SYRIP KERING";"18.0";"117648.0"
"276";"APRON 75 X 125 CM";"Pieces";"BHP ALKES HABIS PAKAI";"18.0";"76329.0"
"B000003117";"AMPICILLIN INJ 1GR";"GRAM";"OBAT AMPUL";"18.0";"332460.0"
"511";"POLYVINYLIDENE 6-0 45CM 16MM 3/8 TRULANE";"Pieces";"BHP ALKES HABIS PAKAI";"18.0";"1160655.0"
"BLUD_3283";"SANSULIN LOG-G DISPOPEN 100 IU/ML";"Pen Insulin";"OBAT INSULIN";"18.0";"2069046.0"
"BLUD_3090";"TRIDEX 27B ";"SOFT BAG";"OBAT INFUS";"18.0";"290286.0"
"427";"MASKER ANAK";"Pieces";"BHP ALKES HABIS PAKAI";"17.0";"80512.0"
"3055";"NACL 3% 500ML";"Botol";"OBAT INFUS";"17.0";"326400.0"
"751/12.2023";"ATROPIN SULFAT 0,25 MG/ML";"Ampul";"OBAT AMPUL";"17.0";"46866.0"
"936";"MANNITOL";"Botol";"OBAT INFUS";"17.0";"769080.0"
"B000003243";"PRIMAQUIN 15 MG";"Tablet";"OBAT TABLET";"17.0";"8160.0"
"BLUD_9876";"RINGER LACTATE INFUS 500 ML (SATORIA) ";"Botol";"OBAT INFUS";"16.0";"174048.0"
"BLUD_3203";"DIPHENHYDRAMINE 10MG AMP";"Ampul";"OBAT AMPUL";"16.0";"45458.0"
"918/12.2023";" kolcisin tablet ";"-";"OBAT TABLET";"16.0";"90928.0"
"435";"MATA PISAU NO.15 "ONEMED"";"Pieces";"BHP ALKES HABIS PAKAI";"16.0";"178464.0"
"B000003125";"ANTASIDA DOEN SUSP 60 ML ";"Botol";"OBAT SYRUP SUSPENSI";"15.0";"301455.0"
"DAK_1036";" RETINOL A PALMITATE 200.000 IU";"Kapsul";"OBAT KAPSUL";"15.0";"24285.0"
"B000003147";" BLOOD TRANFUSI SET ONEMED ";"Pieces";"BHP ALKES HABIS PAKAI";"15.0";"104055.0"
"493";"FOLEY CATHETER 2 WAY NO. 10 FR WELL LEAD";"Pieces";"BHP ALKES HABIS PAKAI";"15.0";"397426.0"
"B000001560";"FOLEY CATHETER 2 WAY NO. 12 FR WELL LEAD";"Pieces";"BHP ALKES HABIS PAKAI";"15.0";"425807.0"
"1068/5.2024";" VALSARTAN TAB 80 MG";"Tablet";"OBAT TABLET";"14.0";"47740.0"
"DAK_1623";"NICARDIPINE HCL INJ ";"Ampul";"OBAT AMPUL";"14.0";"289302.0"
"ASSYIFA_975";"NICARDIPINE HCL 10mg/10ml";"Ampul";"OBAT AMPUL";"14.0";"431604.0"
"BLUD_3258";"ALLOPURINOL TAB 100 MG";"Tablet";"OBAT TABLET";"14.0";"35798.0"
"BLUD_3091";"GLUKOSA D5% 1/4 NS";"SOFT BAG";"OBAT INFUS";"14.0";"184016.0"
"B000003225";"MATA PISAU NO.15 GEA";"Pieces";"BHP ALKES HABIS PAKAI";"14.0";"27846.0"
"484";"POLICREPE 7,5CM X 4,55M";"Pieces";"BHP ALKES HABIS PAKAI";"13.0";"558504.0"
"B000001189";"FOAM DRESSING (MEPILEX)";"Pieces";"BHP ALKES HABIS PAKAI";"13.0";"3458.0"
"B000009847";"NEBULIZER MASK ADULT";"Pieces";"BHP ALKES HABIS PAKAI";"13.0";"422604.0"
"1067";"VAKSIN HBIG 0,5ML";"Box/Dus/Kotak";"OBAT VAKSIN";"13.0";"4.7971378E7"
"B000001185";"WIDAHES 130";"Botol";"OBAT INFUS";"13.0";"3608397.0"
"B000001160";"POLICREPE 15cmx4,55 cm";"Pieces";"BHP ALKES HABIS PAKAI";"13.0";"392169.0"
"B000003298";"POT SALEP R-20 ";"Pieces";"BHP ALKES HABIS PAKAI";"12.0";"26880.0"
"B000006270";"BD ULTRAFINE PRO PEN NEEDLE 32 G X 4 MM (JARUM INSULIN)";"Pieces";"BHP ALKES HABIS PAKAI";"12.0";"28980.0"
"DAK_817";"DOBUTAMINE HCL 250 mg/5ml";"Ampul";"OBAT AMPUL";"12.0";"1030065.0"
"548";"POLYGLYCOLIC 1/0 90CM 48MM 1/2 TAPER OPTIME";"Pieces";"BHP ALKES HABIS PAKAI";"12.0";"1425024.0"
"B000003077";"ABBPCATH 24 G (2)";"Pieces";"BHP ALKES HABIS PAKAI";"12.0";"135024.0"
"B000003059";" OPTIME/ TAPER 3/0";"Pieces";"BHP ALKES HABIS PAKAI";"12.0";"1362456.0"
"945";"METILDOPA DOPAMET 250MG";"Tablet";"OBAT TABLET SALUT SELAPUT";"12.0";"15718.0"
"B000003103";"NOREPINEPHRIN INJ. 4MG/4ML";"Ampul";"OBAT AMPUL";"11.0";"738454.0"
"BLUD_708";"AMIKACIN SULFATE 250 MG INJEKSI GLYBOTIC 250 MG  ";"GRAM";"OBAT AMPUL";"11.0";"161982.0"
"B000003123";"DOMPERDIONE SUSP 60 ML (ERLIMPEX) ";"Botol";"OBAT SYRUP";"11.0";"98846.0"
"BLUD_468";"OXYGEN MASK (ANAK)";"Pieces";"BHP ALKES HABIS PAKAI";"11.0";"196293.0"
"DAK_3122";"CETIRIZINE SYR 60 ML";"Botol";"OBAT SYRUP";"11.0";"408884.0"
"B000003234";"DIAZEPAM RECTAL 10MG/2.5ML";"TUBE RECTAL";"-";"11.0";"675840.0"
"1070/12.2023";" warfarin sodium ";"-";"OBAT TABLET";"11.0";"26422.0"
"3026";"KA-EN 3B";"Botol";"OBAT INFUS";"11.0";"449328.0"
"455";"FEEDING TUBE FR 18";"Pieces";"BHP ALKES HABIS PAKAI";"11.0";"61886.0"
"842/12.2023";"FENTANYL CITRATE 100 mcg/2 ml";"Ampul";"OBAT AMPUL";"11.0";"417421.0"
"434";"MATA PISAU NO.11 "AESCULAP"";"Pieces";"BHP ALKES HABIS PAKAI";"10.0";"111540.0"
"826/12.2023";"EFEDRIN INJEKSI 1 ML";"-";"OBAT AMPUL";"10.0";"490180.0"
"549";"OPTIME 2/0 75CM 36MM ( TAPER )";"Pieces";"BHP ALKES HABIS PAKAI";"10.0";"1038089.0"
"509";"POLYVINYLIDENE 4-0 76CM 16MM 3/8 T-LANE";"Pieces";"BHP ALKES HABIS PAKAI";"10.0";"972021.0"
"530";"SUCTION CATHETER NO. 14 FR (HD)";"Pieces";"BHP ALKES HABIS PAKAI";"10.0";"36940.0"
"1015";"PIRANTEL PAMOATE 125 mg ";"Tablet";"OBAT TABLET";"10.0";"8170.0"
"DAK_3302";"ZINC SULFATE MONOHYDRATE SYR 20 MG/5ML @60 ML ";"Botol";"OBAT SYRUP";"10.0";"63950.0"
"ASSYIFA_1620";"METRONIDAZOLE INFUS 100ML ";"Botol";"OBAT INFUS";"10.0";"167230.0"
"B000003107";"MEPILEX 10X10CM";"Pieces";"BHP ALKES HABIS PAKAI";"9.0";"956637.0"
"BLUD_3262";"MANITOL -20 / 500 ML 24S";"SOFT BAG";"OBAT INFUS";"9.0";"402840.0"
"B000001200";"FEEDENG TUBE/NGT 6";"Pieces";"BHP ALKES HABIS PAKAI";"9.0";"742712.0"
"339";"EXTENSION TUBING 200 CM";"Pieces";"BHP ALKES HABIS PAKAI";"9.0";"137374.0"
"BLUD_325";"DOBUTAMIN 250 mg/ML INJ @10 AMPUL ";"Ampul";"OBAT AMPUL";"8.0";"201584.0"
"B000003128";"PROPOFOL INJ 10 MG ";"GRAM";"OBAT AMPUL";"8.0";"209139.0"
"441";"PEMBALUT SIKU";"Pieces";"BHP ALKES HABIS PAKAI";"8.0";"93264.0"
"827";"EPINEPHRINE 1 mg/ml ETC ";"Ampul";"OBAT AMPUL";"8.0";"118102.0"
"1582";"FEEDING TUBE FR 16 (TERUMO)";"Pieces";"BHP ALKES HABIS PAKAI";"8.0";"482480.0"
"BLUD_9883";"COTRIMOXAZOLE 480 MG  ";"Tablet";"OBAT TABLET";"8.0";"3424.0"
"849";"ASAM FOLAT 1MG PROMED";"Tablet";"OBAT TABLET";"8.0";"2472.0"
"1610/12.2024";"AMPICILIN INJ 1G";"GRAM";"OBAT AMPUL";"7.0";"125909.0"
"1034/1.2025";" RECURMIN SYR 60ml ";"Botol";"OBAT SYRUP";"7.0";"246400.0"
"DAK_755";"BEDAK SALICYL  2 % ";"POT";"BEDAK ANTISEPTIK";"7.0";"57190.0"
"470";"OXYGEN MASK NON REBREATHING (BAYI)";"Pieces";"BHP ALKES HABIS PAKAI";"7.0";"153750.0"
"B000003088";"POLICHERPE 10,CM X1,5CM";"Pieces";"BHP ALKES HABIS PAKAI";"7.0";"198016.0"
"B000003136";"OPTIME / CATTING  3/0";"Pieces";"BHP ALKES HABIS PAKAI";"7.0";"681897.0"
"1149";"RIFAMPICIN 75MG DAN ISONIASID 50MG";"Tablet";"OBAT TABLET";"7.0";"9737.0"
"B000003056";"POLYGLYCOLIC 1/0 90CM 40MM 1/2 TAPER OPTIME";"Pieces";"BHP ALKES HABIS PAKAI";"6.0";"695805.0"
"1572";"FEEDING TUBE FR 8";"Pieces";"BHP ALKES HABIS PAKAI";"6.0";"215040.0"
"529";"SUCTION CATHETER NO. 12 FR (HD)";"Pieces";"BHP ALKES HABIS PAKAI";"6.0";"22164.0"
"1583";"GUEDEL AIRWAY 90 MM";"Pieces";"BHP ALKES HABIS PAKAI";"6.0";"153444.0"
"536";"SUCTION CONNECTING TUBE";"Pieces";"BHP ALKES HABIS PAKAI";"6.0";"249230.0"
"BLUD_919";"KOTRIMOKSAZOLE SUSPENSI 240MG/5ML";"Botol";"OBAT SYRUP SUSPENSI";"5.0";"33277.0"
"527";"SUCTION CATHETER NO. 6 FR (HOSPITECH)";"Pieces";"BHP ALKES HABIS PAKAI";"5.0";"35160.0"
"507";"POLYVINYLIDENE 1-0 100CM 40MM 1/2 T-LANE";"Pieces";"BHP ALKES HABIS PAKAI";"5.0";"582515.0"
"572";"spoit untuk lidocaine";"Pieces";"BHP PKBRS";"5.0";"224480.0"
"B000003137";"OPTIME / CATTING 2/0";"Pieces";"BHP ALKES HABIS PAKAI";"5.0";"625844.0"
"BLUD_3281";"OTILON TETES TELINGA 8 ML ";"Botol";"OBAT CAIR";"5.0";"302275.0"
"BLUD_1119";"MIDAZOLAM HCl 1 mg/ml ";"Ampul";"OBAT AMPUL";"5.0";"163390.0"
"BLUD_910";"ERLAMYCETIN PLUS TTS MATA 5 ML ";"Botol";"OBAT TETES MATA";"5.0";"137109.0"
"B000003076";"ABBOCATH 24 G ";"Pieces";"BHP ALKES HABIS PAKAI";"5.0";"45720.0"
"B000003087";"POLICREPE 7,5CMX1,5M";"Pieces";"BHP ALKES HABIS PAKAI";"5.0";"111745.0"
"B000001155";"FOLEY CATHETER URETHRAL 2 WAY NO.8 FR FORSCH";"Pieces";"BHP ALKES HABIS PAKAI";"5.0";"102120.0"
"BLUD_9850";"BROMEX INJEKSI 2 ML 28 BLISTER @ 5 AMP ";"Ampul";"OBAT AMPUL";"5.0";"566435.0"
"765/12.2025";"BUPIVACAINE HCL MONOHYDRATE SPINAL HEAVY";"Ampul";"OBAT AMPUL";"5.0";"552270.0"
"438";"MATA PISAU NO.23 "AESCULAP"";"Pieces";"BHP ALKES HABIS PAKAI";"4.0";"44616.0"
"501";"FOLEY CATHETER 2 WAY NO. 12 FR BARDIA";"Pieces";"BHP ALKES HABIS PAKAI";"4.0";"143784.0"
"B000009838";"HANDSCOEN STERIL PANJANG (OBGYN)";"Pieces";"BHP ALKES HABIS PAKAI";"4.0";"96728.0"
"B000009862";"POT SALEP R-30";"Pieces";"BHP ALKES HABIS PAKAI";"4.0";"9380.0"
"DAK_902";"KETAMINE HCL INJ 50 mg/ml ";"Ampul";"OBAT AMPUL";"4.0";"80532.0"
"508";"POLYVINYLIDENE 3-0 76CM 24MM 1/2 T-LANE";"Pieces";"BHP ALKES HABIS PAKAI";"4.0";"407832.0"
"1035/12.2023";" Retinol 100.000 IU (vit A) ";"-";"OBAT KAPSUL";"4.0";"1812.0"
"B000001561";"SUCTION CATHETER WITH CONTROL FR 10 (REMEDI)";"Pieces";"BHP ALKES HABIS PAKAI";"4.0";"62513.0"
"457";"FEEDING TUBE FR 8";"Pieces";"BHP ALKES HABIS PAKAI";"4.0";"180086.0"
"B000003297";"POT SALEP R-10";"Pieces";"BHP ALKES HABIS PAKAI";"4.0";"6068.0"
"DAK_982";"NOREPINEPHRINE INJEKSI IV 1MG/ML (OGB DEXA)";"Ampul";"OBAT AMPUL";"4.0";"205304.0"
"B000003105";"BUCAIN SPINAL INJ 20MG/4ML";"Ampul";"OBAT AMPUL";"3.0";"205991.0"
"BLUD_1076";"OFLOXACIN 3,0MG( FOROTIC)";"Botol";"OBAT CAIR";"3.0";"149568.0"
"BLUD_324";"DOPAMINE HCL INJ 200 mG/5ml";"Ampul";"OBAT AMPUL";"3.0";"24112.0"
"BLUD_3110";"KN_3B INJECTION 500 ML ";"Botol";"OBAT INFUS";"3.0";"46356.0"
"407";"KERTAS ECG 110MM X 30M";"ROLL";"BHP ALKES HABIS PAKAI";"3.0";"507276.0"
"B000003263";"ALKOHOL SWAB ONEMED 100 LBR ";"Pieces";"BHP ALKES HABIS PAKAI";"3.0";"393.0"
"456";"FEEDING TUBE FR 16";"Pieces";"BHP ALKES HABIS PAKAI";"3.0";"16878.0"
"DAK_1024";"PROPOFOL INJEKSI 10MG/ML";"VIAL";"OBAT AMPUL";"3.0";"78429.0"
"ASSYIFA_9892";"COMBIVENT 2.5 ML";"Ampul";"OBAT AMPUL";"3.0";"88320.0"
"B000001147";"ISONIASID 300MG";"Box/Dus/Kotak";"OBAT TABLET";"3.0";"576.0"
"454";"FEEDING TUBE FR 5 (TERUMO)";"Pieces";"BHP ALKES HABIS PAKAI";"3.0";"83545.0"
"B000001169";"ASAM AMINO AMINO STERIL INFANT 6%";"Botol";"OBAT INFUS";"3.0";"472866.0"
"BLUD_3093";"SANBE HEST 130";"SOFT BAG";"OBAT INFUS";"3.0";"711186.0"
"B000001188";"FEEDING TUBE FR 12 (TERUMO)";"Pieces";"BHP ALKES HABIS PAKAI";"3.0";"204908.0"
"B000001187";"FEEDING TUBE FR 14";"Pieces";"BHP ALKES HABIS PAKAI";"3.0";"25573.0"
"379";"GUEDEL AIRWAY 90 MM";"Pieces";"BHP ALKES HABIS PAKAI";"3.0";"38706.0"
"506";"POLYVINYLIDENE 2-0 76CM 30MM 1/2 T-LANE";"Pieces";"BHP ALKES HABIS PAKAI";"2.0";"208950.0"
"433";"MATA PISAU NO.10 "AESCULAP"";"Pieces";"BHP ALKES HABIS PAKAI";"2.0";"22307.0"
"964/8.2024";" MODEXA 0,05% (MOMETASONE FUROAT MONOHIDRAT)";"Botol";"OBAT NASAL SPRAY";"2.0";"492308.0"
"B000001199";"FEEDENG TUBE/NGT 3.5";"Pieces";"BHP ALKES HABIS PAKAI";"2.0";"141120.0"
"BLUD_3287";"RING PESSARIUM 7.0 RRT";"Pieces";"BHP ALKES HABIS PAKAI";"2.0";"775756.0"
"BLUD_3274";"SALICYL BEDAK MENTHOL (CIO) ";"POT";"BEDAK ANTISEPTIK";"2.0";"14137.0"
"B000001153";"FEEDING TUBE WITH X RAY FR 10";"Pieces";"BHP ALKES HABIS PAKAI";"2.0";"17048.0"
"ASSYIFA_3029";"MEROPENEM TRIHYDRATE SERBUK inj 1 g";"GRAM";"OBAT SERBUK INJEKSI";"2.0";"160840.0"
"B000009879";"CATGUT T-CHROMIC 4-0 90CM 26MM 1/2 ";"Pieces";"BHP ALKES HABIS PAKAI";"2.0";"152460.0"
"331";"ENDOTRACHEAL TUBE UNCUFF NO.3.0";"Pieces";"BHP ALKES NON HABIS PAKAI";"2.0";"45634.0"
"1012";"PETHIDINA 50mg/ml inj  ";"Ampul";"OBAT AMPUL";"2.0";"39154.0"
"1581";"FEEDING TUBE FR 14 TERUMO";"Pieces";"BHP ALKES HABIS PAKAI";"2.0";"113664.0"
"377";"GUEDEL AIRWAY 80 MM";"Pieces";"BHP ALKES HABIS PAKAI";"2.0";"36940.0"
"320";"ENDOTRACHEAL TUBE CUFF NO.3.5";"Pieces";"BHP ALKES NON HABIS PAKAI";"2.0";"90932.0"
"1191";"PENYANGGA LEHER";"Pieces";"BHP ALKES HABIS PAKAI";"2.0";"388101.0"
"BLUD_717";"AMOXICILLIN DROP 100 mg/ml";"Botol";"OBAT SYRUP";"2.0";"9846.0"
"437";"MATA PISAU NO.22 "AESCULAP"";"Pieces";"BHP ALKES HABIS PAKAI";"2.0";"22308.0"
"B000001190";"OSMOCOL";"Pieces";"BHP ALKES HABIS PAKAI";"2.0";"170460.0"
"B000001556";"FOLEY CATHETER 2 WAY NO. 20 FR  REMEDI";"Pieces";"BHP ALKES HABIS PAKAI";"2.0";"31973.0"
"1580";"POLYVINYLIDENE 3-0 76CM 24MM 1/2 SUTURELENE";"Pieces";"BHP ALKES HABIS PAKAI";"2.0";"124842.0"
"B000003233";"DIAZEPAM RECTAL 5MG/2.5ML";"TUBE RECTAL";"-";"2.0";"76800.0"
"BLUD_3288";"RING PESSARIUM 7.5 RRT";"Pieces";"BHP ALKES HABIS PAKAI";"2.0";"775756.0"
"372";"GUEDEL AIRWAY 100 MM";"Pieces";"BHP ALKES HABIS PAKAI";"1.0";"18470.0"
"B000009872";"SILK/SUTERA 1  ROUND BODIED ";"Pieces";"BHP ALKES HABIS PAKAI";"1.0";"69790.0"
"B000003138";"OPTIME / TAPER 1";"Pieces";"BHP ALKES HABIS PAKAI";"1.0";"115967.0"
"324";"ENDOTRACHEAL TUBE CUFF NO.6.0";"Pieces";"BHP ALKES NON HABIS PAKAI";"1.0";"27123.0"
"B000003275";"SPINOCAN 25 G ";"Pieces";"BHP ALKES HABIS PAKAI";"1.0";"72377.0"
"B000003251";"POLYVINYLIDENE 5-0 45CM 16MM 3/8 T-LANE";"Pieces";"BHP ALKES HABIS PAKAI";"1.0";"97203.0"
"B000001158";"POLICREPE 7,5cmX4,55cm";"ROLL";"BHP ALKES HABIS PAKAI";"1.0";"43722.0"
"B000001201";"FEEDING TUBE/NGT 10";"Pieces";"BHP ALKES HABIS PAKAI";"1.0";"9.0"
"BLUD_2";"LAPIFED SIRUP 60 ML";"Botol";"OBAT SYRUP";"1.0";"41842.0"
"931/12.2023";" levovloksasin infus ";"-";"OBAT INFUS";"1.0";"42624.0"
"B000001558";"FOLEY CATHETER 2 WAY NO. 22 FR SERENITY";"Pieces";"BHP ALKES HABIS PAKAI";"1.0";"15230.0"
"B000003254";"POLYVINYLIDENE 6-0 45CM 16MM 3/8 T-LANE";"Pieces";"BHP ALKES HABIS PAKAI";"1.0";"97203.0"
"BLUD_9854";"CALSIUM GLUCONATE INJEKSI 24 AMP ";"Ampul";"OBAT AMPUL";"1.0";"35275.0"
"327";"ENDOTRACHEAL TUBE CUFF NO.7.5";"Pieces";"BHP ALKES NON HABIS PAKAI";"1.0";"45465.0"
"376";"GUEDEL AIRWAY 70 MM";"Pieces";"BHP ALKES HABIS PAKAI";"1.0";"51680.0"
"B000003253";"POLYVINYLIDENE 3-0 76CM 24MM 3/8 T-LANE";"Pieces";"BHP ALKES HABIS PAKAI";"1.0";"101958.0"
"552";"POLYGLYCOLIC 5/0 76CM 16MM 1/2 T-VIO";"Pieces";"BHP ALKES HABIS PAKAI";"1.0";"102797.0"
"B000003238";"PAKET SHK ";"Set";"BHP ALKES HABIS PAKAI";"1.0";"192.0"
"1571";"FEEDING TUBE FR 18";"Pieces";"BHP ALKES HABIS PAKAI";"1.0";"8525.0"
